{
    "navigationBarTitleText": "加载中.....",
    "usingComponents": {
        "uni-bar": "/components/uni-bar/uni-bar",
        "nar-bar": "/components/narBar/narBar",
        "custom-ad": "/components/custom-ad/custom-ad",
        "uni-ad": "/components/uni-ad/uni-ad",
        "struggler-uniapp-add-tip": "/components/struggler-uniapp-add-tip/struggler-uniapp-add-tip",
        "uni-popup": "/components/uni-popup/uni-popup",
        "reverse-list": "/components/reverse-list/reverse-list",
        "message": "/components/message/message"
    }
}